index,province,district,place_name,category,municipality_or_area,priority,research_status,notes
1,Koshi Province,Bhojpur,Arun River Corridor,River landscape and adventure potential,Arun Rural Municipality,Major,First-round researched,
2,Koshi Province,Bhojpur,Bhojpur Khukuri Craft Centres,Traditional handicrafts,Bhojpur Municipality and Taksar,Major,First-round researched,
3,Koshi Province,Bhojpur,Hatuwagadhi Durbar,"Fort, palace and historical site",Hatuwagadhi Rural Municipality,Major,First-round researched,
4,Koshi Province,Bhojpur,Maiyung Danda,"Viewpoint, grassland and trekking area",Temkemaiyung Rural Municipality,Major,First-round researched,
5,Koshi Province,Bhojpur,Mundhum Trail,Cultural trekking route,Temkemaiyung and adjoining areas,Major,First-round researched,
6,Koshi Province,Bhojpur,Salpa Pokhari,"Sacred lake, pilgrimage and trekking destination",Salpasilichho Rural Municipality,Major,First-round researched,
7,Koshi Province,Bhojpur,Silichung Peak,Mountain viewpoint and trekking destination,Salpasilichho Rural Municipality,Major,First-round researched,
8,Koshi Province,Bhojpur,Temke Danda,Viewpoint and hill destination,Temkemaiyung Rural Municipality,Major,First-round researched,
9,Koshi Province,Bhojpur,Bhojpur Bazaar,Cultural town and handicraft centre,Bhojpur Municipality,High,First-round researched,
10,Koshi Province,Bhojpur,Bidhya Pokhari,"Pond, wetland and religious/natural site",Hatuwagadhi Rural Municipality,Emerging,First-round researched,
11,Koshi Province,Bhojpur,Chakhewa Danda,Viewpoint and trekking stop,Temkemaiyung area,High,First-round researched,
12,Koshi Province,Bhojpur,Chamere Gufa,Cave,Hatuwagadhi Rural Municipality,Emerging,First-round researched,
13,Koshi Province,Bhojpur,Dimalung Park,Park and local recreation site,Hatuwagadhi Rural Municipality,Local/Emerging,First-round researched,
14,Koshi Province,Bhojpur,Dingla Bazaar,Historical market and cultural town,Shadananda Municipality,High,First-round researched,
15,Koshi Province,Bhojpur,Dobhane,Trekking village and gateway,Salpasilichho Rural Municipality,High,First-round researched,
16,Koshi Province,Bhojpur,Hans Pokhari,"Lake, wetland and wildlife area",Temkemaiyung Rural Municipality,High,First-round researched,
17,Koshi Province,Bhojpur,Indreni Jharna,Waterfall,Hatuwagadhi Rural Municipality,Emerging,First-round researched,
18,Koshi Province,Bhojpur,Mahavir Waterfall,Waterfall,Temkemaiyung Rural Municipality,Emerging,First-round researched,
19,Koshi Province,Bhojpur,Maluwa Pokhari,Lake and natural attraction,Temkemaiyung Rural Municipality,Emerging,First-round researched,
20,Koshi Province,Bhojpur,Ramchandra Temple,Religious site,Shadananda Municipality,High,First-round researched,
21,Koshi Province,Bhojpur,Rawa Dhap,Highland wetland and Mundhum Trail stop,Northern Bhojpur,High,First-round researched,
22,Koshi Province,Bhojpur,Sahid Samadhi Sthal,Memorial and historical site,Hatuwagadhi Rural Municipality,Local/Emerging,First-round researched,
23,Koshi Province,Bhojpur,Salpa Bhanjyang,Mountain pass and trekking stop,Salpasilichho Rural Municipality,High,First-round researched,
24,Koshi Province,Bhojpur,Sawa Waterfall,Waterfall,Temkemaiyung Rural Municipality,Emerging,First-round researched,
25,Koshi Province,Bhojpur,Selme Danda,"Hill, viewpoint and hiking area",Temkemaiyung Rural Municipality,Emerging,First-round researched,
26,Koshi Province,Bhojpur,Shila Sutkeri,Geological or culturally significant site,Hatuwagadhi Rural Municipality,Emerging,First-round researched,
27,Koshi Province,Bhojpur,Siddhakali Temple,Religious site,Bhojpur Municipality,High,First-round researched,
28,Koshi Province,Bhojpur,Suntale Danda,Viewpoint,Bhojpur Municipality Ward 3 area,High,First-round researched,
29,Koshi Province,Bhojpur,Taksar Bazaar,Historical and cultural settlement,Bhojpur Municipality,High,First-round researched,
30,Koshi Province,Bhojpur,Tawa Bhanjyang,Viewpoint and trekking location,Temkemaiyung Rural Municipality,High,First-round researched,
31,Koshi Province,Dhankuta,Bhedetar,Hill station and viewpoint,Sangurigadhi Rural Municipality,Major,First-round researched,
32,Koshi Province,Dhankuta,Charles Point,Viewpoint,"Bhedetar, Sangurigadhi Rural Municipality",Major,First-round researched,
33,Koshi Province,Dhankuta,Hile Bazaar,Hill town and cultural market,Dhankuta Municipality,Major,First-round researched,
34,Koshi Province,Dhankuta,Kopche Heritage Trail,Heritage walking route,Dhankuta Bazaar,Major,First-round researched,
35,Koshi Province,Dhankuta,Namaste Jharana,Waterfall,Sangurigadhi Rural Municipality,Major,First-round researched,
36,Koshi Province,Dhankuta,Namje Village,Cultural village and community tourism,Sangurigadhi Rural Municipality–6,Major,First-round researched,
37,Koshi Province,Dhankuta,Namje–Thumki Community Homestay,Community homestay and Magar culture,Sangurigadhi Rural Municipality–6,Major,First-round researched,
38,Koshi Province,Dhankuta,Rajarani Wetland,Wetland and biodiversity,Chaubise Rural Municipality,Major,First-round researched,
39,Koshi Province,Dhankuta,Rani Tal / Rani Lake,"Lake, wetland and birdwatching",Chaubise Rural Municipality,Major,First-round researched,
40,Koshi Province,Dhankuta,Aathpahariya Baunna Chulo Ghar,Indigenous cultural heritage,Dhankuta Municipality,High,First-round researched,
41,Koshi Province,Dhankuta,Banjhakri Park,Cultural park,Mahalaxmi Municipality,High,First-round researched,
42,Koshi Province,Dhankuta,Chintang Devi Temple,Religious site,Chhathar Jorpati area,High,First-round researched,
43,Koshi Province,Dhankuta,Chuliban View Tower,Viewpoint,Dhankuta Municipality,High,First-round researched,
44,Koshi Province,Dhankuta,Dhankuta Bazaar,Historical hill town,Dhankuta Municipality,High,First-round researched,
45,Koshi Province,Dhankuta,Jitpur Bazaar,Historical market settlement,Mahalaxmi Municipality,High,First-round researched,
46,Koshi Province,Dhankuta,Kopche Heritage Settlement,Historical neighbourhood and community tourism,Dhankuta Municipality,High,First-round researched,
47,Koshi Province,Dhankuta,Latibhanjyang Shiva Statue,Religious site and viewpoint,Mahalaxmi Municipality,High,First-round researched,
48,Koshi Province,Dhankuta,Leguwa–Arun River Confluence Area,River scenery,Mahalaxmi Municipality,High,First-round researched,
49,Koshi Province,Dhankuta,Nageshwar Temple,Religious site,"Leguwa, Mahalaxmi Municipality",High,First-round researched,
50,Koshi Province,Dhankuta,Pakhribas Agricultural Research Centre,Agro-tourism and education,Pakhribas Municipality,High,First-round researched,
51,Koshi Province,Dhankuta,Pakhribas Bazaar,Scenic hill town,Pakhribas Municipality,High,First-round researched,
52,Koshi Province,Dhankuta,Pathibhara Temple near Hile,Religious and pilgrimage site,Hile area,High,First-round researched,
53,Koshi Province,Dhankuta,Rajarani Valley,Valley landscape and cultural destination,Chaubise Rural Municipality,High,First-round researched,
54,Koshi Province,Dhankuta,Sadam Tourism Area,Rural nature destination,Chaubise Rural Municipality Ward 5,Emerging,First-round researched,
55,Koshi Province,Dhankuta,Syaule–Sipting Aathpahariya Community Homestay,Community and Indigenous cultural tourism,Dhankuta Municipality Ward 3,High,First-round researched,
56,Koshi Province,Dhankuta,Thumki Hill,Viewpoint and village hike,Sangurigadhi Rural Municipality,High,First-round researched,
57,Koshi Province,Ilam,Antu Danda,Sunrise viewpoint,Suryodaya Municipality,Major,First-round researched,
58,Koshi Province,Ilam,Chhintapu,Trekking peak and wildlife area,Sandakpur Rural Municipality,Major,First-round researched,
59,Koshi Province,Ilam,Didi Bahini Jharana,Waterfall,Rong Rural Municipality,Major,First-round researched,
60,Koshi Province,Ilam,Fensong Gumba,Buddhist monastery and Lepcha heritage,Suryodaya Municipality,Major,First-round researched,
61,Koshi Province,Ilam,Gajurmukhi Dham,Cave-temple and religious destination,Western Ilam,Major,First-round researched,
62,Koshi Province,Ilam,Ilam Tea Factory,Industrial heritage and tea tourism,Ilam Municipality,Major,First-round researched,
63,Koshi Province,Ilam,Kanyam Tea Garden,Tea landscape and agro-tourism,Suryodaya Municipality,Major,First-round researched,
64,Koshi Province,Ilam,Lepcha Museum at Fensong Gumba,Indigenous cultural museum,Suryodaya Municipality,Major,First-round researched,
65,Koshi Province,Ilam,Mai Pokhari,Ramsar wetland and sacred lake,Sandakpur Rural Municipality,Major,First-round researched,
66,Koshi Province,Ilam,Mangmalung,"Kirat religious, forest and cave destination",Mangsebung area,Major,First-round researched,
67,Koshi Province,Ilam,Meghma,Border-ridge trekking and monastery destination,Maijogmai corridor,Major,First-round researched,
68,Koshi Province,Ilam,Patenagi,Viewpoint and red panda habitat,Rong Rural Municipality,Major,First-round researched,
69,Koshi Province,Ilam,Sandakpur,Mountain viewpoint and trekking destination,Sandakpur Rural Municipality,Major,First-round researched,
70,Koshi Province,Ilam,Sanu Pathibhara Temple,Religious site and viewpoint,Kutidanda–Hanspokhari area,Major,First-round researched,
71,Koshi Province,Ilam,Shree Antu,Rural tourism and homestay destination,Suryodaya Municipality,Major,First-round researched,
72,Koshi Province,Ilam,Siddhithumka Chuli,Sunrise viewpoint,Deumai Municipality,Major,First-round researched,
73,Koshi Province,Ilam,Antu Pokhari,Lake and recreation,Suryodaya Municipality,High,First-round researched,
74,Koshi Province,Ilam,Fikkal Bazaar,Tourism gateway,Suryodaya Municipality,High,First-round researched,
75,Koshi Province,Ilam,Google Point,Viewpoint,Rong Rural Municipality–3,High,First-round researched,
76,Koshi Province,Ilam,Gufathumki,Cave and hill destination,Deumai Municipality,High,First-round researched,
77,Koshi Province,Ilam,Ilam Bazaar,Historical hill town,Ilam Municipality,High,First-round researched,
78,Koshi Province,Ilam,Jaubari,Hill settlement and trekking stop,Maijogmai Rural Municipality,High,First-round researched,
79,Koshi Province,Ilam,Jhau Pokhari,Pond and recreation,Deumai Municipality Ward 8,High,First-round researched,
80,Koshi Province,Ilam,Kuibhir Tourism Area,Cliff and viewpoint,Deumai Municipality Ward 1,High,First-round researched,
81,Koshi Province,Ilam,Kuinetar Omkareshwar Temple,Religious and natural tourism,Chulachuli Rural Municipality,High,First-round researched,
82,Koshi Province,Ilam,Mahabhir Rock Climbing Area,Adventure tourism,Rong Rural Municipality,High,First-round researched,
83,Koshi Province,Ilam,Mai Beni,River confluence and pilgrimage site,Near Ilam Bazaar,High,First-round researched,
84,Koshi Province,Ilam,Namsaling Village,Community and rural tourism,Maijogmai Rural Municipality,High,First-round researched,
85,Koshi Province,Ilam,Nayabazar,Historic hill market,Maijogmai Rural Municipality,High,First-round researched,
86,Koshi Province,Ilam,Panchakanya Tourism Area,Tea landscape and rural destination,Suryodaya Municipality,High,First-round researched,
87,Koshi Province,Ilam,Pashupatinagar,Border town and cultural market,Suryodaya Municipality,High,First-round researched,
88,Koshi Province,Ilam,"Ramite Danda, Sakphara",Viewpoint,Chulachuli Rural Municipality,High,First-round researched,
89,Koshi Province,Ilam,Rani Forest,Forest walk,Suryodaya Municipality,High,First-round researched,
90,Koshi Province,Ilam,Siddhi Thumka,Sunrise and sunset viewpoint,Ilam Municipality area,High,First-round researched,
91,Koshi Province,Ilam,Suryodaya Tea Tasting and Promotion Centre,Tea culture and agro-tourism,Suryodaya Municipality,High,First-round researched,
92,Koshi Province,Ilam,Three-tier Waterfall,Waterfall,Suryodaya Municipality,High,First-round researched,
93,Koshi Province,Ilam,Tinkune Pokhari,Pond and wetland,Chulachuli Rural Municipality,High,First-round researched,
94,Koshi Province,Jhapa,Arjundhara Jaleshwar Dham,Hindu pilgrimage site,Arjundhara Municipality,Major,First-round researched,
95,Koshi Province,Jhapa,Bahundangi Elephant Corridor,Wildlife and eco-tourism landscape,Bahundangi,Major,First-round researched,
96,Koshi Province,Jhapa,Domukha Tourism Area,Riverbank recreation,Shivasatakshi Municipality,Major,First-round researched,
97,Koshi Province,Jhapa,Jamunkhadi Simsar,"Wetland, wildlife and recreation",Kankai Municipality,Major,First-round researched,
98,Koshi Province,Jhapa,Kakarbhitta Border Gate,International border gateway,Mechinagar Municipality,Major,First-round researched,
99,Koshi Province,Jhapa,Kankai Dham / Kotihom,Hindu pilgrimage complex,Kankai Municipality,Major,First-round researched,
100,Koshi Province,Jhapa,Kechana Kawal,Geographical landmark and wetland landscape,Kachankawal Rural Municipality,Major,First-round researched,
101,Koshi Province,Jhapa,Kichakbadh Archaeological Site,Archaeological and mythological site,Bhadrapur area,Major,First-round researched,
102,Koshi Province,Jhapa,Mini Mountain Bahundangi,Viewpoint,Mechinagar Municipality,Major,First-round researched,
103,Koshi Province,Jhapa,Satakshi Dham,Hindu pilgrimage and forest attraction,Shivasatakshi Municipality,Major,First-round researched,
104,Koshi Province,Jhapa,Bhelagudi Wetland,Wetland and picnic destination,Haldibari Rural Municipality,High,First-round researched,
105,Koshi Province,Jhapa,Birat Pokhari,Historical pond,Birtamod area,High,First-round researched,
106,Koshi Province,Jhapa,Burney Tea Estate,Tea landscape,Buddhashanti Rural Municipality,High,First-round researched,
107,Koshi Province,Jhapa,Chillagadh,Historical and cultural heritage,Shivasatakshi Municipality,High,First-round researched,
108,Koshi Province,Jhapa,Damak Tourism Park / Birat Buddha Village,Developing Buddhist tourism project,Damak,Developing,First-round researched,
109,Koshi Province,Jhapa,Dhanushkoti Dham,Religious and mythological site,Kankai–Domukha area,High,First-round researched,
110,Koshi Province,Jhapa,Dharagola View Tower,Viewpoint,Buddhashanti Rural Municipality Ward 7,High,First-round researched,
111,Koshi Province,Jhapa,Dhulabari Tea Estate,Tea garden,Mechinagar Municipality,High,First-round researched,
112,Koshi Province,Jhapa,Gauradaha Dah Pokhari,Historic pond,Gauradaha Municipality,High,First-round researched,
113,Koshi Province,Jhapa,Kechana Jhil,Lake and wetland,Kachankawal Rural Municipality,High,First-round researched,
114,Koshi Province,Jhapa,Mahendra Park,Urban park,Bhadrapur Municipality,High,First-round researched,
115,Koshi Province,Jhapa,Pau Pathibhara Temple,Religious site and viewpoint,"Charali, Mechinagar",High,First-round researched,
116,Koshi Province,Jhapa,Salbari Park,Forest park,Arjundhara Municipality,High,First-round researched,
117,Koshi Province,Khotang,Baraha Pokhari,Sacred lake and pilgrimage,Barahapokhari Rural Municipality,Major,First-round researched,
118,Koshi Province,Khotang,Dhiplung Waterfall,Waterfall,Diprung Chuichumma Rural Municipality,Major,First-round researched,
119,Koshi Province,Khotang,Halesi Cave Complex,Multi-faith sacred cave system,Halesi Tuwachung Municipality,Major,First-round researched,
120,Koshi Province,Khotang,Halesi Mahadev Temple,Hindu pilgrimage and sacred cave,Halesi Tuwachung Municipality,Major,First-round researched,
121,Koshi Province,Khotang,Jantedhunga,Historical and cultural hill,Jantedhunga Rural Municipality,Major,First-round researched,
122,Koshi Province,Khotang,Kepilasgadhi Fort,Historical fort,Kepilasgadhi Rural Municipality,Major,First-round researched,
123,Koshi Province,Khotang,Majhuwagadhi,Historical fort and viewpoint,Diktel Rupakot Majhuwagadhi Municipality,Major,First-round researched,
124,Koshi Province,Khotang,Maratika Cave,Buddhist pilgrimage cave,Halesi area,Major,First-round researched,
125,Koshi Province,Khotang,Rupakot Danda,Hill viewpoint and religious site,Diktel Rupakot Majhuwagadhi Municipality,Major,First-round researched,
126,Koshi Province,Khotang,Tuwachung–Jayajum Hill,Kirat sacred site and viewpoint,Halesi Tuwachung Municipality,Major,First-round researched,
127,Koshi Province,Khotang,Bhulbhule Dudhkunda Deudham,Sacred spring and pilgrimage,Nerpa Ward 6,High,First-round researched,
128,Koshi Province,Khotang,Indrani Pokhari,Sacred pond and Kirat site,Khotehang Rural Municipality Ward 6,High,First-round researched,
129,Koshi Province,Khotang,Kangsahop Lake,Artificial lake and boating,Kharmi–Bhangedar Ward 11,Emerging/High,First-round researched,
130,Koshi Province,Khotang,Lakuchumbu Waterfall,Waterfall,Khotehang Rural Municipality Ward 3,High,First-round researched,
131,Koshi Province,Khotang,Mahuregadhi,Historical fort and viewpoint,Diktel Rupakot Majhuwagadhi Municipality,High,First-round researched,
132,Koshi Province,Khotang,Paruhang–Sumnima Park,Kirat religious and cultural park,Khotehang Rural Municipality Ward 5,High,First-round researched,
133,Koshi Province,Khotang,Sapsudhapa,Religious and natural site,Diktel Rupakot Majhuwagadhi Municipality,High,First-round researched,
134,Koshi Province,Khotang,Soldhunga Tourism Area,Rock formation and viewpoint,Khotehang Rural Municipality,High,First-round researched,
135,Koshi Province,Khotang,Yalambar Park,Kirat cultural park,Khotehang Rural Municipality Ward 2,High,First-round researched,
136,Koshi Province,Morang,Betana Wetland,"Wetland, wildlife and boating",Belbari Municipality,Major,First-round researched,
137,Koshi Province,Morang,Betini Wetland,Wetland and birdwatching,Urlabari Municipality,Major,First-round researched,
138,Koshi Province,Morang,Bhulke Wetland,Wetland and eco-tourism,Pathari Shanishchare Municipality,Major,First-round researched,
139,Koshi Province,Morang,Birat Palace Archaeological Site / Bhediyari Dhisko,Archaeological and historical site,Biratnagar–18,Major,First-round researched,
140,Koshi Province,Morang,Dhanpalgadhi,Historical fort and Tharu religious site,Belbari Municipality,Major,First-round researched,
141,Koshi Province,Morang,Hasina Wetland / Hasina Simsar,Wetland and recreation,Sundarharaicha Municipality Ward 5,Major,First-round researched,
142,Koshi Province,Morang,Jefale Danda,Hill station and viewpoint,Kerabari Rural Municipality,Major,First-round researched,
143,Koshi Province,Morang,Kanepokhari Lake,Lake and recreation,Kanepokhari Rural Municipality,Major,First-round researched,
144,Koshi Province,Morang,Rajarani Pond,Sacred pond and Dhimal heritage,Letang Municipality Ward 1,Major,First-round researched,
145,Koshi Province,Morang,Baghjhora,Forest and stream destination,Sundarharaicha Municipality,High,First-round researched,
146,Koshi Province,Morang,Biratnagar Jute Mills,Industrial and political heritage,Biratnagar,Major heritage potential,First-round researched,
147,Koshi Province,Morang,Interfaith Peace Park,Religious harmony park,Letang Municipality Ward 1,High,First-round researched,
148,Koshi Province,Morang,Jhalajhali Wetland,Wetland,Belbari Municipality,High,First-round researched,
149,Koshi Province,Morang,Kali Mandir,Hindu religious site,Biratnagar,High,First-round researched,
150,Koshi Province,Morang,Lampate Wetland,Wetland,Urlabari Municipality,High,First-round researched,
151,Koshi Province,Morang,Raniban Eco-tourism Area,Forest and eco-tourism,Letang Municipality,High,First-round researched,
152,Koshi Province,Morang,Sunawarshi Pond,Sacred pond and Indigenous culture,Ratuwamai Municipality Ward 5,High,First-round researched,
153,Koshi Province,Okhaldhunga,Champadevi Temple,Hindu pilgrimage and hill destination,Champadevi Rural Municipality,Major,First-round researched,
154,Koshi Province,Okhaldhunga,Khiji Tholedemba,High-altitude viewpoint and trekking,Khijidemba Rural Municipality,Major,First-round researched,
155,Koshi Province,Okhaldhunga,Libju Religious Site,Kirat sacred site,Manebhanjyang Rural Municipality,Major,First-round researched,
156,Koshi Province,Okhaldhunga,Patale Viewpoint,Himalayan viewpoint,Northern Okhaldhunga,Major,First-round researched,
157,Koshi Province,Okhaldhunga,Pokali Waterfall,Waterfall,Likhu Rural Municipality,Major,First-round researched,
158,Koshi Province,Okhaldhunga,Ratmate Waterfall,Waterfall,Chisankhugadhi Rural Municipality,Major,First-round researched,
159,Koshi Province,Okhaldhunga,Chandi Devi Temple and Chandisthan Cave,Temple and sacred cave,"Ragani, Champadevi Rural Municipality",High,First-round researched,
160,Koshi Province,Okhaldhunga,Chisankhugadhi,Historical fort,Chisankhugadhi Rural Municipality,High,First-round researched,
161,Koshi Province,Okhaldhunga,Okhaldhunga Gadhi,Historical fort,Siddhicharan area,High,First-round researched,
162,Koshi Province,Okhaldhunga,Prapcha Tourism Park,Developing recreation site,Molung Rural Municipality Ward 3,Developing,First-round researched,
163,Koshi Province,Okhaldhunga,Rumjatar,Highland settlement and gateway,Siddhicharan Municipality,High,First-round researched,
164,Koshi Province,Okhaldhunga,Siddhicharan Shrestha Birthplace Area,Literary heritage,Okhaldhunga Bazaar,High,First-round researched,
165,Koshi Province,Okhaldhunga,Srijana / Srasta Park,Literary memorial park,Siddhicharan Municipality,High,First-round researched,
166,Koshi Province,Okhaldhunga,Tolu Gumba,Buddhist monastery,Jantarkhani area,High,First-round researched,
167,Koshi Province,Panchthar,Chiwabhanjyang,Border pass and viewpoint,Yangwarak Rural Municipality,Major,First-round researched,
168,Koshi Province,Panchthar,Hilihang Palace,Historical palace and viewpoint,Hilihang Rural Municipality,Major,First-round researched,
169,Koshi Province,Panchthar,Kummayak–Kussayak,Kirat sacred and historical site,Kummayak Rural Municipality,Major,First-round researched,
170,Koshi Province,Panchthar,Labrekuti–Silauti,Kirat pilgrimage and historical site,Phidim–Phalgunanda border,Major,First-round researched,
171,Koshi Province,Panchthar,Mahaguru Phalgunanda Mausoleum,Religious memorial,Silauti–Labrekuti,Major,First-round researched,
172,Koshi Province,Panchthar,Phalot,High-altitude meadow and viewpoint,Phalelung Rural Municipality,Major,First-round researched,
173,Koshi Province,Panchthar,Phokte Danda,Himalayan viewpoint,Phalelung Rural Municipality,Major,First-round researched,
174,Koshi Province,Panchthar,Sadhutar,Hill viewpoint and pond,Phidim Municipality Ward 8,Major,First-round researched,
175,Koshi Province,Panchthar,Sehonamlang,Mundhumi sacred hill and caves,Phalgunanda Rural Municipality,Major,First-round researched,
176,Koshi Province,Panchthar,Sumhatlung,Kirat sacred and historical site,Phidim Municipality,Major,First-round researched,
177,Koshi Province,Panchthar,Timbu Pokhari,Sacred alpine lake and trek,Yangwarak Rural Municipality,Major,First-round researched,
178,Koshi Province,Panchthar,Aagejung Monastery,Historic Buddhist monastery,Phalelung Rural Municipality Ward 1,High,First-round researched,
179,Koshi Province,Panchthar,Battise Waterfall,Waterfall,Phalgunanda Rural Municipality Ward 2,High,First-round researched,
180,Koshi Province,Panchthar,Bhote Gadhi,Historical fort,Yangwarak Rural Municipality,High,First-round researched,
181,Koshi Province,Panchthar,Gumse Pathibhara,Religious site and viewpoint,Yangwarak Rural Municipality,High,First-round researched,
182,Koshi Province,Panchthar,Gupteshwar Mahadev,Sacred cave,Yangwarak Rural Municipality,High,First-round researched,
183,Koshi Province,Panchthar,Hile Pokhari,Pond and wetland,Miklajung Rural Municipality,High,First-round researched,
184,Koshi Province,Panchthar,Jor Pokhari,Twin sacred ponds,Hilihang Rural Municipality,High,First-round researched,
185,Koshi Province,Sankhuwasabha,Arun Valley,River valley and trekking landscape,Sankhuwasabha,Major,First-round researched,
186,Koshi Province,Sankhuwasabha,Barun Valley,Himalayan valley,Makalu Barun National Park,Major,First-round researched,
187,Koshi Province,Sankhuwasabha,Chhyankuti Danda,Himalayan viewpoint,Khandbari area,Major,First-round researched,
188,Koshi Province,Sankhuwasabha,Gupha Pokhari,Highland lake and viewpoint,Chainpur Municipality Ward 1,Major,First-round researched,
189,Koshi Province,Sankhuwasabha,Kimathanka,Nepal–China border village,Bhotkhola Rural Municipality,Major,First-round researched,
190,Koshi Province,Sankhuwasabha,Makalu Barun National Park,National park and wildlife,Northern Sankhuwasabha,Major,First-round researched,
191,Koshi Province,Sankhuwasabha,Makalu Base Camp,High-altitude trekking destination,Makalu Rural Municipality,Major,First-round researched,
192,Koshi Province,Sankhuwasabha,Milke Danda,Rhododendron ridge and viewpoint,Chichila–Silichong,Major,First-round researched,
193,Koshi Province,Sankhuwasabha,Mount Makalu,Mountain and expedition destination,Makalu Rural Municipality,Major,First-round researched,
194,Koshi Province,Sankhuwasabha,Sabha Pokhari,Sacred alpine lake,Silichong Rural Municipality,Major,First-round researched,
195,Koshi Province,Sankhuwasabha,Shipton La,Mountain pass,Makalu Base Camp route,Major,First-round researched,
196,Koshi Province,Sankhuwasabha,Tinjure–Milke–Jaljale Corridor,Rhododendron conservation area,Chichila–Silichong,Major,First-round researched,
197,Koshi Province,Sankhuwasabha,Chainpur Gadhi,Historical fort,Chainpur Municipality,High,First-round researched,
198,Koshi Province,Sankhuwasabha,Chainpur Karuwa Park,Handicraft heritage park,Chainpur Municipality,High,First-round researched,
199,Koshi Province,Sankhuwasabha,Hedangna Gadhi,Historical fort,Northern Sankhuwasabha,High,First-round researched,
200,Koshi Province,Sankhuwasabha,Seduwa,National park gateway,Makalu Rural Municipality,High,First-round researched,
201,Koshi Province,Sankhuwasabha,Tashigaon,Sherpa village,Makalu Rural Municipality,High,First-round researched,
202,Koshi Province,Sankhuwasabha,Tumlingtar,Air gateway,Khandbari Municipality,Major gateway,First-round researched,
203,Koshi Province,Solukhumbu,Ama Dablam,Mountain and climbing destination,Khumbu,Major,First-round researched,
204,Koshi Province,Solukhumbu,Cho La Pass,High mountain pass,Three Passes Trek,Major,First-round researched,
205,Koshi Province,Solukhumbu,Dharmadanda,Viewpoint and sacred hill,Sotang–Thulung Dudhkoshi border,Major,First-round researched,
206,Koshi Province,Solukhumbu,Dingboche,Sherpa settlement and trekking hub,Imja Valley,Major,First-round researched,
207,Koshi Province,Solukhumbu,Dudhkunda Lake,Sacred alpine lake,Solududhkunda Municipality,Major,First-round researched,
208,Koshi Province,Solukhumbu,Everest Base Camp,High-altitude trekking destination,Khumbu Pasang Lhamu Rural Municipality,Major,First-round researched,
209,Koshi Province,Solukhumbu,Gokyo Lakes,Ramsar alpine lake system,Gokyo Valley,Major,First-round researched,
210,Koshi Province,Solukhumbu,Gokyo Ri,Himalayan viewpoint,Gokyo Valley,Major,First-round researched,
211,Koshi Province,Solukhumbu,Gorakshep,High-altitude settlement,Khumbu,Major,First-round researched,
212,Koshi Province,Solukhumbu,Hinku Valley,Himalayan valley,Mahakulung Rural Municipality,Major,First-round researched,
213,Koshi Province,Solukhumbu,Imja Tsho,Glacial lake,Imja Valley,Major,First-round researched,
214,Koshi Province,Solukhumbu,Island Peak / Imja Tse,Climbing peak,Imja Valley,Major,First-round researched,
215,Koshi Province,Solukhumbu,Junbesi Village,Sherpa cultural village,Solududhkunda Municipality,Major,First-round researched,
216,Koshi Province,Solukhumbu,Kala Patthar,Mountain viewpoint,Gorakshep area,Major,First-round researched,
217,Koshi Province,Solukhumbu,Khiraule Monastery,Historic Buddhist monastery,Mahakulung Rural Municipality,Major,First-round researched,
218,Koshi Province,Solukhumbu,Khumbu Glacier,Glacier,Everest Base Camp route,Major,First-round researched,
219,Koshi Province,Solukhumbu,Khumbu Icefall,Glacier feature,Everest expedition route,Major,First-round researched,
220,Koshi Province,Solukhumbu,Khumjung Village,Sherpa village and heritage,Khumbu,Major,First-round researched,
221,Koshi Province,Solukhumbu,Kongma La Pass,High mountain pass,Three Passes Trek,Major,First-round researched,
222,Koshi Province,Solukhumbu,Mera Peak,Trekking peak,Mahakulung Rural Municipality,Major,First-round researched,
223,Koshi Province,Solukhumbu,Mount Everest / Sagarmatha,Mountain and expedition destination,Khumbu Pasang Lhamu Rural Municipality,Major,First-round researched,
224,Koshi Province,Solukhumbu,Namche Bazaar,Sherpa town and trekking hub,Khumbu,Major,First-round researched,
225,Koshi Province,Solukhumbu,Ngozumpa Glacier,Glacier,Gokyo Valley,Major,First-round researched,
226,Koshi Province,Solukhumbu,"Panch Pokhari, Mahakulung",Sacred glacial lake cluster,Mahakulung Rural Municipality,Major,First-round researched,
227,Koshi Province,Solukhumbu,Pikey Peak,Himalayan viewpoint and trek,Likhu Pike area,Major,First-round researched,
228,Koshi Province,Solukhumbu,Renjo La Pass,High mountain pass,Three Passes Trek,Major,First-round researched,
229,Koshi Province,Solukhumbu,Sagarmatha National Park,UNESCO national park,Khumbu Pasang Lhamu Rural Municipality,Major,First-round researched,
230,Koshi Province,Solukhumbu,Taksindu Monastery,Historic Buddhist monastery,Solududhkunda Municipality,Major,First-round researched,
231,Koshi Province,Solukhumbu,Tengboche Monastery,Buddhist monastery,Tengboche,Major,First-round researched,
232,Koshi Province,Solukhumbu,Thupten Chholing Monastery,Buddhist monastery,Junbesi area,Major,First-round researched,
233,Koshi Province,Solukhumbu,Lukla,Air gateway,Khumbu Pasang Lhamu Rural Municipality,Major gateway,First-round researched,
234,Koshi Province,Solukhumbu,Pangboche Monastery and Village,Monastery and Sherpa settlement,Pangboche,High,First-round researched,
235,Koshi Province,Solukhumbu,Phaplu,Air gateway,Solududhkunda Municipality,Major gateway,First-round researched,
236,Koshi Province,Solukhumbu,Thame Village and Monastery,Sherpa village and monastery,Thame Valley,High,First-round researched,
237,Koshi Province,Sunsari,Amha Simsar / Amaha Wetland,Wetland and birdwatching,Barju Rural Municipality,Major,First-round researched,
238,Koshi Province,Sunsari,Barahakshetra Temple,Hindu pilgrimage site,Barahakshetra Municipality,Major,First-round researched,
239,Koshi Province,Sunsari,Budha Subba Temple,Kirat and Hindu site,"Vijayapur, Dharan",Major,First-round researched,
240,Koshi Province,Sunsari,Chatara,Religious gateway and river town,Barahakshetra Municipality,Major,First-round researched,
241,Koshi Province,Sunsari,Chataradham,Religious pilgrimage destination,Chatara,Major,First-round researched,
242,Koshi Province,Sunsari,Dantakali Temple,Shakti Peeth,"Vijayapur, Dharan",Major,First-round researched,
243,Koshi Province,Sunsari,Koshi Barrage Viewpoint,River viewpoint and birdwatching,Koshi River,Major,First-round researched,
244,Koshi Province,Sunsari,Koshi Tappu Ramsar Site,Wetland of international importance,Koshi floodplain,Major,First-round researched,
245,Koshi Province,Sunsari,Koshi Tappu Wildlife Reserve,Wildlife reserve and wetland,Sunsari–Saptari–Udayapur,Major,First-round researched,
246,Koshi Province,Sunsari,Pindeshwar Temple,Hindu pilgrimage site,"Vijayapur, Dharan",Major,First-round researched,
247,Koshi Province,Sunsari,Ramdhuni Temple,Hindu pilgrimage and sacred fire site,Ramdhuni Municipality,Major,First-round researched,
248,Koshi Province,Sunsari,Tal Talaiya,"Wetland, park and boating",Itahari,Major,First-round researched,
249,Koshi Province,Sunsari,Vijayapur Hill,Historical and religious landscape,Dharan,Major,First-round researched,
250,Koshi Province,Sunsari,Chinde Danda,Viewpoint and hike,Dharan area,High,First-round researched,
251,Koshi Province,Sunsari,Mechikali Pokhari,Pond and recreation,Itahari,High,First-round researched,
252,Koshi Province,Sunsari,Panchakanya Forest,Forest recreation,Dharan,High,First-round researched,
253,Koshi Province,Sunsari,Srilanka Tappu,River island and wetland,Koshi floodplain,High,First-round researched,
254,Koshi Province,Sunsari,Vijayapur Gadhi,Historical fort,Dharan,High,First-round researched,
255,Koshi Province,Taplejung,Diki Chhyoling Monastery,Historic Buddhist monastery,Olangchung Gola,Major,First-round researched,
256,Koshi Province,Taplejung,Fungfunge / Phungphunge Waterfall,Waterfall,Meringden Rural Municipality,Major,First-round researched,
257,Koshi Province,Taplejung,Ghunsa Village,Sherpa village and trekking hub,Phaktanglung Rural Municipality,Major,First-round researched,
258,Koshi Province,Taplejung,Kanchenjunga Conservation Area,Conservation area and trekking,Northern Taplejung,Major,First-round researched,
259,Koshi Province,Taplejung,Kanchenjunga North Base Camp / Pang Pema,High-altitude trekking destination,Phaktanglung Rural Municipality,Major,First-round researched,
260,Koshi Province,Taplejung,Kanchenjunga South Base Camp / Oktang,High-altitude trekking destination,Sirijangha Rural Municipality,Major,First-round researched,
261,Koshi Province,Taplejung,Lhonak Valley,Alpine valley,Phaktanglung Rural Municipality,Major,First-round researched,
262,Koshi Province,Taplejung,Mount Kanchenjunga,Mountain and expedition destination,Northern Taplejung,Major,First-round researched,
263,Koshi Province,Taplejung,Olangchung Gola,Historic trans-Himalayan village,Phaktanglung Rural Municipality Ward 7,Major,First-round researched,
264,Koshi Province,Taplejung,Pathibhara Devi Temple,Pilgrimage site and viewpoint,Taplejung,Major,First-round researched,
265,Koshi Province,Taplejung,Sele La,High mountain pass,Kanchenjunga circuit,Major,First-round researched,
266,Koshi Province,Taplejung,Timbung Pokhari,Sacred alpine lake,Sidingwa–Panchthar border area,Major,First-round researched,
267,Koshi Province,Taplejung,Tiptala / Tipta La Border Pass,Nepal–China border pass,North of Olangchung Gola,Major,First-round researched,
268,Koshi Province,Taplejung,Yalung Glacier,Glacier,Sirijangha Rural Municipality,Major,First-round researched,
269,Koshi Province,Taplejung,Yalung Valley,Glacier valley,Sirijangha Rural Municipality,Major,First-round researched,
270,Koshi Province,Taplejung,Gumbadanda,Buddhist cultural village and homestay,Phungling Municipality,High,First-round researched,
271,Koshi Province,Taplejung,Lelep Village,Conservation gateway,Phaktanglung Rural Municipality,High,First-round researched,
272,Koshi Province,Taplejung,"Limbu Museum, Mamangkhe",Cultural museum,Sirijangha Rural Municipality,High,First-round researched,
273,Koshi Province,Taplejung,Sirijangha Cave,Historical and religious cave,Sirijangha Rural Municipality,High,First-round researched,
274,Koshi Province,Taplejung,Suketar,Air gateway,Phungling Municipality,Major gateway,First-round researched,
275,Koshi Province,Taplejung,Tato Pani,Natural hot spring,Sirijangha Rural Municipality,High,First-round researched,
276,Koshi Province,Tehrathum,Basantapur,Hill station and rhododendron gateway,Laligurans Municipality,Major,First-round researched,
277,Koshi Province,Tehrathum,Changlung Cave,Cave and geological attraction,Chhathar Rural Municipality Ward 6,Major,First-round researched,
278,Koshi Province,Tehrathum,Chotlung Park,Limbu cultural park,"Basantapur, Laligurans Municipality Ward 3",Major,First-round researched,
279,Koshi Province,Tehrathum,Hyatrung Waterfall,Waterfall,Phedap Rural Municipality Wards 4–5,Major,First-round researched,
280,Koshi Province,Tehrathum,Menchhayayem Danda,Himalayan viewpoint,Menchhayayem Rural Municipality,Major,First-round researched,
281,Koshi Province,Tehrathum,Tinjure Danda,Rhododendron forest and viewpoint,Laligurans Municipality,Major,First-round researched,
282,Koshi Province,Tehrathum,Tinjure–Milke–Jaljale Corridor,Rhododendron biodiversity and trekking,Laligurans and adjoining districts,Major,First-round researched,
283,Koshi Province,Tehrathum,Marga Pokhari,Sacred natural pond,Chhathar Rural Municipality,High,First-round researched,
284,Koshi Province,Tehrathum,Morahang Bazaar,Historic hill settlement,Menchhayayem Rural Municipality,High,First-round researched,
285,Koshi Province,Tehrathum,Myanglung Bazaar,Historical hill town,Myanglung Municipality,High,First-round researched,
286,Koshi Province,Tehrathum,Myanglung Cat Stone / Chichi Lung,Cultural landmark,Myanglung Municipality,High,First-round researched,
287,Koshi Province,Tehrathum,Panchakanya Chhathar Pokhari,Pond and religious landscape,Chhathar Rural Municipality,High,First-round researched,
288,Koshi Province,Tehrathum,Sankranti Bazaar,Historic market and Aathrai gateway,Aathrai Rural Municipality,High,First-round researched,
289,Koshi Province,Udayapur,Chaudandigadhi Fort,Historical fort and viewpoint,Chaudandigadhi Municipality,Major,First-round researched,
290,Koshi Province,Udayapur,Koshi Tappu Wildlife Reserve – Udayapur section,Wildlife and wetland,Belaka Municipality side,Major,First-round researched,
291,Koshi Province,Udayapur,Limchungbung Everest Viewpoint / Debate Danda,Himalayan viewpoint,Limchungbung Rural Municipality,Major,First-round researched,
292,Koshi Province,Udayapur,Rauta Pokhari and Rauta Mahadev,Sacred pond and pilgrimage cluster,Rautamai Rural Municipality,Major,First-round researched,
293,Koshi Province,Udayapur,Tapli Pokhari,Sacred pond and viewpoint,Tapli Rural Municipality,Major,First-round researched,
294,Koshi Province,Udayapur,Triveni Dham,River confluence and pilgrimage,Katari Municipality,Major,First-round researched,
295,Koshi Province,Udayapur,Udayapurgadhi,Historical fort and viewpoint,Udayapurgadhi Rural Municipality Ward 5,Major,First-round researched,
296,Koshi Province,Udayapur,Basaha Than Shivalaya,Hindu temple,Chaudandigadhi Municipality Ward 4,High,First-round researched,
297,Koshi Province,Udayapur,Dwardani Devi Sthan,Religious site,Chaudandigadhi Municipality Ward 7,High,First-round researched,
298,Koshi Province,Udayapur,Kanya Aulshree Gumba,Buddhist monastery,Chaudandigadhi Municipality Ward 7,High,First-round researched,
299,Koshi Province,Udayapur,Lingeshwar Shivalaya,Hindu temple,Chaudandigadhi Municipality Ward 6,High,First-round researched,
300,Koshi Province,Udayapur,Mini Apraha Waterfall,Waterfall,Chaudandigadhi Municipality Ward 8,High,First-round researched,
301,Koshi Province,Udayapur,Sapta Koshi River Corridor,River and nature destination,Belaka Municipality,High,First-round researched,
302,Koshi Province,Udayapur,Than Pokhari Than,Sacred pond and religious site,Chaudandigadhi Municipality Ward 9,High,First-round researched,
303,Madhesh Province,Saptari,Chinnamasta Bhagwati Temple,Religious sites and temples,Chinnamasta Rural Municipality,To prioritize,Master inventory researched,
304,Madhesh Province,Saptari,Kankalini Temple,Religious sites and temples,Hanumannagar Kankalini Municipality,To prioritize,Master inventory researched,
305,Madhesh Province,Saptari,Shambhunath Temple,Religious sites and temples,Shambhunath Municipality,To prioritize,Master inventory researched,
306,Madhesh Province,Saptari,Koshi Tappu Wildlife Reserve sector,"National parks, conservation areas, and wildlife sites",Koshi floodplain,To prioritize,Master inventory researched,Cross-district reserve.
307,Madhesh Province,Saptari,Koshi Barrage eastern approaches,Major tourist attractions,Hanumannagar-Kankalini area,To prioritize,Master inventory researched,
308,Madhesh Province,Saptari,Rupani wetland and forest belt,Lakes and wetlands,Rupani area,To prioritize,Master inventory researched,
309,Madhesh Province,Saptari,Bhar Daha wetland,Lakes and wetlands,Kanchanrup area,To prioritize,Master inventory researched,
310,Madhesh Province,Saptari,Saptakoshi river islands and bird habitat,Rivers and waterfalls,Eastern Saptari,To prioritize,Master inventory researched,
311,Madhesh Province,Siraha,Salahesh Fulbari,Historical and cultural places,Lahan Municipality area,To prioritize,Master inventory researched,Cultural garden associated with the folk hero Salahesh.
312,Madhesh Province,Siraha,Pakadi Gadhi remains,Historical and cultural places,Local verification required,To prioritize,Master inventory researched,Exact site naming/location should be checked locally.
313,Madhesh Province,Siraha,Salahesh Temple sites,Religious sites and temples,Lahan-Siraha region,To prioritize,Master inventory researched,
314,Madhesh Province,Siraha,Uttarayani Dham,Religious sites and temples,Kamala river area,To prioritize,Master inventory researched,
315,Madhesh Province,Siraha,Baba Taal,Lakes and wetlands,Lahan area,To prioritize,Master inventory researched,
316,Madhesh Province,Siraha,Kamal Daha,Lakes and wetlands,Siraha district,To prioritize,Master inventory researched,
317,Madhesh Province,Siraha,Kamala River corridor,Rivers and waterfalls,Eastern district boundary,To prioritize,Master inventory researched,
318,Madhesh Province,Siraha,Chure foothill forest belt,Natural attractions,Northern Siraha,To prioritize,Master inventory researched,
319,Madhesh Province,Dhanusha,Janaki Mandir,Religious sites and temples,Janakpurdham Sub-Metropolitan City,To prioritize,Master inventory researched,
320,Madhesh Province,Dhanusha,"Ram Mandir, Janakpur",Religious sites and temples,Janakpurdham,To prioritize,Master inventory researched,
321,Madhesh Province,Dhanusha,Dhanushadham,Religious sites and temples,Dhanushadham Municipality,To prioritize,Master inventory researched,
322,Madhesh Province,Dhanusha,Mithila Bihari and Parikrama route sites,Religious sites and temples,Dhanusha countryside,To prioritize,Master inventory researched,Cross-district pilgrimage circuit.
323,Madhesh Province,Dhanusha,Dhanush Sagar,Lakes and wetlands,Janakpurdham,To prioritize,Master inventory researched,
324,Madhesh Province,Dhanusha,Ganga Sagar,Lakes and wetlands,Janakpurdham,To prioritize,Master inventory researched,
325,Madhesh Province,Dhanusha,Ratna Sagar and other sacred ponds,Lakes and wetlands,Janakpurdham,To prioritize,Master inventory researched,
326,Madhesh Province,Dhanusha,Vivah Mandap,"Museums, palaces, forts, and monuments",Janaki Mandir complex,To prioritize,Master inventory researched,
327,Madhesh Province,Dhanusha,Dhanushadham Protected Forest,"National parks, conservation areas, and wildlife sites",Dhanushadham area,To prioritize,Master inventory researched,
328,Madhesh Province,Dhanusha,Mithila Art and cultural quarters,Historical and cultural places,Janakpurdham,To prioritize,Master inventory researched,
329,Madhesh Province,Dhanusha,Kamala River,Rivers and waterfalls,Eastern Dhanusha,To prioritize,Master inventory researched,
330,Madhesh Province,Mahottari,Jaleshwar Mahadev Temple,Religious sites and temples,Jaleshwar Municipality,To prioritize,Master inventory researched,
331,Madhesh Province,Mahottari,Matihani Temple and Sanskrit heritage area,Religious sites and temples,Matihani Municipality,To prioritize,Master inventory researched,
332,Madhesh Province,Mahottari,Raimandal religious site,Religious sites and temples,Mahottari district,To prioritize,Master inventory researched,Local-area verification recommended.
333,Madhesh Province,Mahottari,Mithila Parikrama route sites,Religious sites and temples,Various southern and central localities,To prioritize,Master inventory researched,Cross-district pilgrimage circuit.
334,Madhesh Province,Mahottari,Tuteshwar Nath Mahadev,Religious sites and temples,Bardibas region,To prioritize,Master inventory researched,
335,Madhesh Province,Mahottari,Bardibas Chure foothills,Natural attractions,Bardibas Municipality,To prioritize,Master inventory researched,
336,Madhesh Province,Mahottari,Gaushala forest and wetland belt,Natural attractions,Gaushala Municipality,To prioritize,Master inventory researched,
337,Madhesh Province,Mahottari,Ratu River corridor,Rivers and waterfalls,Central Mahottari,To prioritize,Master inventory researched,
338,Madhesh Province,Sarlahi,Nadhi Tal,Lakes and wetlands,Chandranagar Rural Municipality area,To prioritize,Master inventory researched,
339,Madhesh Province,Sarlahi,Bharat Tal,Lakes and wetlands,Bagmati Municipality,To prioritize,Master inventory researched,Large artificial lake and recreation destination.
340,Madhesh Province,Sarlahi,Nunthar religious and riverside area,Religious sites and temples,"Bagmati River, northern Sarlahi",To prioritize,Master inventory researched,
341,Madhesh Province,Sarlahi,Rajdevi Temple sites,Religious sites and temples,Malangawa area,To prioritize,Master inventory researched,
342,Madhesh Province,Sarlahi,Sagarnath Forest,"National parks, conservation areas, and wildlife sites",Ishwarpur-Lalbandi region,To prioritize,Master inventory researched,
343,Madhesh Province,Sarlahi,Bagmati River corridor,Rivers and waterfalls,Western/northern Sarlahi,To prioritize,Master inventory researched,
344,Madhesh Province,Sarlahi,Lakhandehi river landscape,Rivers and waterfalls,Central Sarlahi,To prioritize,Master inventory researched,
345,Madhesh Province,Sarlahi,Chure foothill viewpoints,Viewpoints and hill stations,Northern Lalbandi-Ishwarpur,To prioritize,Master inventory researched,
346,Madhesh Province,Rautahat,Nunthar riverside and pilgrimage area,Religious sites and temples,"Chandrapur area, Bagmati River",To prioritize,Master inventory researched,
347,Madhesh Province,Rautahat,"Rajdevi Temple, Gaur area",Religious sites and temples,Gaur Municipality,To prioritize,Master inventory researched,
348,Madhesh Province,Rautahat,Jungle Sahiya forest landscape,"National parks, conservation areas, and wildlife sites",Chandrapur region,To prioritize,Master inventory researched,
349,Madhesh Province,Rautahat,Gaur historical town core,Historical and cultural places,Gaur Municipality,To prioritize,Master inventory researched,
350,Madhesh Province,Rautahat,Bagmati River beaches,Rivers and waterfalls,Northern/western district,To prioritize,Master inventory researched,
351,Madhesh Province,Rautahat,Lal Bakaiya River corridor,Rivers and waterfalls,Central Rautahat,To prioritize,Master inventory researched,
352,Madhesh Province,Rautahat,Chure forest and hill belt,Natural attractions,Northern Rautahat,To prioritize,Master inventory researched,
353,Madhesh Province,Rautahat,Maraghar wetland areas,Lakes and wetlands,Local verification required,To prioritize,Master inventory researched,Include after municipality-level verification.
354,Madhesh Province,Bara,Gadhimai Temple,Religious sites and temples,Mahagadhimai Municipality,To prioritize,Master inventory researched,
355,Madhesh Province,Bara,"Kankali Temple, Simraungadh",Religious sites and temples,Simraungadh,To prioritize,Master inventory researched,
356,Madhesh Province,Bara,Simraungadh archaeological and palace area,Historical and cultural places,Simraungadh Municipality,To prioritize,Master inventory researched,
357,Madhesh Province,Bara,Parsa National Park sector,"National parks, conservation areas, and wildlife sites",Northern Bara,To prioritize,Master inventory researched,Cross-district national park.
358,Madhesh Province,Bara,Nijgadh forest landscape,"National parks, conservation areas, and wildlife sites",Nijgadh Municipality,To prioritize,Master inventory researched,
359,Madhesh Province,Bara,Halkhoria Daha,Lakes and wetlands,Northern Bara,To prioritize,Master inventory researched,
360,Madhesh Province,Bara,Chure forest viewpoints,Viewpoints and hill stations,Nijgadh-Kolhabi north,To prioritize,Master inventory researched,
361,Madhesh Province,Bara,Pasaha River corridor,Rivers and waterfalls,Bara district,To prioritize,Master inventory researched,
362,Madhesh Province,Bara,Dudhora River and forest belt,Rivers and waterfalls,Nijgadh area,To prioritize,Master inventory researched,
363,Madhesh Province,Parsa,Parsa National Park,"National parks, conservation areas, and wildlife sites",Northern Parsa and adjoining districts,To prioritize,Master inventory researched,
364,Madhesh Province,Parsa,Parsa forest safari areas,"National parks, conservation areas, and wildlife sites",Thori-Sakhuwa Prasauni belt,To prioritize,Master inventory researched,
365,Madhesh Province,Parsa,Birgunj Ghadiarwa Pokhari,Lakes and wetlands,Birgunj Metropolitan City,To prioritize,Master inventory researched,
366,Madhesh Province,Parsa,Gahawa Mai Temple,Religious sites and temples,Birgunj,To prioritize,Master inventory researched,
367,Madhesh Province,Parsa,"Bindabasini Temple, Birgunj area",Religious sites and temples,Birgunj,To prioritize,Master inventory researched,
368,Madhesh Province,Parsa,Shankaracharya Gate,"Museums, palaces, forts, and monuments",Birgunj border,To prioritize,Master inventory researched,
369,Madhesh Province,Parsa,Thori hill and forest gateway,Lesser-known or emerging destinations,Thori Rural Municipality,To prioritize,Master inventory researched,
370,Madhesh Province,Parsa,Sikta and Oriya river corridors,Rivers and waterfalls,Western Parsa,To prioritize,Master inventory researched,
371,Madhesh Province,Parsa,Alau historical area,Historical and cultural places,Birgunj-Alau,To prioritize,Master inventory researched,
372,Bagmati Province,Dolakha,Kalinchowk Bhagwati Temple,Religious sites and temples,Kalinchowk Rural Municipality,To prioritize,Master inventory researched,
373,Bagmati Province,Dolakha,Dolakha Bhimsen Temple,Religious sites and temples,Bhimeshwar Municipality,To prioritize,Master inventory researched,
374,Bagmati Province,Dolakha,Kuri village,Community tourism and notable villages,Kalinchowk,To prioritize,Master inventory researched,
375,Bagmati Province,Dolakha,Jiri,Community tourism and notable villages,Jiri Municipality,To prioritize,Master inventory researched,Historic trekking gateway.
376,Bagmati Province,Dolakha,Gaurishankar Conservation Area,"National parks, conservation areas, and wildlife sites",Northern Dolakha and adjoining districts,To prioritize,Master inventory researched,
377,Bagmati Province,Dolakha,Rolwaling Valley,Trekking areas and mountain destinations,Gaurishankar Rural Municipality,To prioritize,Master inventory researched,
378,Bagmati Province,Dolakha,Lamabagar and Lapchi valley,Trekking areas and mountain destinations,BigU Rural Municipality,To prioritize,Master inventory researched,
379,Bagmati Province,Dolakha,Tsho Rolpa Lake,Lakes and wetlands,Rolwaling Valley,To prioritize,Master inventory researched,
380,Bagmati Province,Dolakha,Charikot viewpoints,Viewpoints and hill stations,Bhimeshwar Municipality,To prioritize,Master inventory researched,
381,Bagmati Province,Dolakha,Sailung hills,Viewpoints and hill stations,Dolakha-Ramechhap border,To prioritize,Master inventory researched,
382,Bagmati Province,Dolakha,Biguti and Tamakoshi valleys,Natural attractions,Northern and central Dolakha,To prioritize,Master inventory researched,
383,Bagmati Province,Sindhupalchok,Langtang National Park sector,"National parks, conservation areas, and wildlife sites",Northern Sindhupalchok,To prioritize,Master inventory researched,Cross-district park.
384,Bagmati Province,Sindhupalchok,Helambu trekking region,Trekking areas and mountain destinations,Helambu Rural Municipality,To prioritize,Master inventory researched,
385,Bagmati Province,Sindhupalchok,Panch Pokhari,Lakes and wetlands,Panchpokhari Thangpal Rural Municipality,To prioritize,Master inventory researched,Sacred alpine lake group.
386,Bagmati Province,Sindhupalchok,Bhairav Kunda,Lakes and wetlands,Bhotekoshi region,To prioritize,Master inventory researched,
387,Bagmati Province,Sindhupalchok,Tatopani hot springs,Natural attractions,Bhotekoshi Rural Municipality,To prioritize,Master inventory researched,
388,Bagmati Province,Sindhupalchok,Sukute beach and rafting corridor,Rivers and waterfalls,Sunkoshi River,To prioritize,Master inventory researched,
389,Bagmati Province,Sindhupalchok,Bhotekoshi rafting and canyoning area,Rivers and waterfalls,Bhotekoshi valley,To prioritize,Master inventory researched,
390,Bagmati Province,Sindhupalchok,Gaurati Bhimsen Temple,Religious sites and temples,Chautara Sangachokgadhi Municipality,To prioritize,Master inventory researched,
391,Bagmati Province,Sindhupalchok,Palchok Bhagwati Temple,Religious sites and temples,Helambu region,To prioritize,Master inventory researched,
392,Bagmati Province,Sindhupalchok,Melamchi-Ghyangfedi villages,Community tourism and notable villages,Helambu-Melamchi belt,To prioritize,Master inventory researched,
393,Bagmati Province,Sindhupalchok,Ama Yangri peak,Viewpoints and hill stations,Helambu,To prioritize,Master inventory researched,
394,Bagmati Province,Rasuwa,Langtang National Park,"National parks, conservation areas, and wildlife sites",Most of northern Rasuwa,To prioritize,Master inventory researched,
395,Bagmati Province,Rasuwa,Langtang Valley,Trekking areas and mountain destinations,Gosainkunda Rural Municipality,To prioritize,Master inventory researched,
396,Bagmati Province,Rasuwa,Tamang Heritage Trail,Trekking areas and mountain destinations,Gatlang-Tatopani-Thuman region,To prioritize,Master inventory researched,
397,Bagmati Province,Rasuwa,Gosainkunda Lake,Lakes and wetlands,Gosainkunda Rural Municipality,To prioritize,Master inventory researched,Ramsar sacred alpine lake.
398,Bagmati Province,Rasuwa,Kyanjin Gompa,Community tourism and notable villages,Langtang Valley,To prioritize,Master inventory researched,
399,Bagmati Province,Rasuwa,Gatlang village,Community tourism and notable villages,Parbatikunda/Aama Chhodingmo area,To prioritize,Master inventory researched,
400,Bagmati Province,Rasuwa,Tserko Ri,Viewpoints and hill stations,Kyanjin area,To prioritize,Master inventory researched,
401,Bagmati Province,Rasuwa,"Tatopani, Rasuwa",Natural attractions,Tamang Heritage Trail,To prioritize,Master inventory researched,
402,Bagmati Province,Rasuwa,Chilime and Bhote Koshi valleys,Natural attractions,Northern Rasuwa,To prioritize,Master inventory researched,
403,Bagmati Province,Rasuwa,Rasuwagadhi Fort,"Museums, palaces, forts, and monuments","Gosaikunda Rural Municipality, border area",To prioritize,Master inventory researched,
404,Bagmati Province,Dhading,Ganesh Himal trekking region,Trekking areas and mountain destinations,Northern Dhading,To prioritize,Master inventory researched,
405,Bagmati Province,Dhading,Ruby Valley,Trekking areas and mountain destinations,Ruby Valley Rural Municipality,To prioritize,Master inventory researched,
406,Bagmati Province,Dhading,Tripurasundari Temple,Religious sites and temples,Tripurasundari Rural Municipality,To prioritize,Master inventory researched,
407,Bagmati Province,Dhading,Ganga Jamuna Waterfall,Rivers and waterfalls,Ganga Jamuna Rural Municipality,To prioritize,Master inventory researched,
408,Bagmati Province,Dhading,Trishuli River rafting corridor,Rivers and waterfalls,Benighat-Rorang/Gajuri belt,To prioritize,Master inventory researched,
409,Bagmati Province,Dhading,Netrawati-Dabjong heritage landscape,Historical and cultural places,Netrawati Dabjong Rural Municipality,To prioritize,Master inventory researched,
410,Bagmati Province,Dhading,Budhi Gandaki valley,Natural attractions,Northern and western Dhading,To prioritize,Master inventory researched,
411,Bagmati Province,Dhading,Jyamrung Durbar area,"Museums, palaces, forts, and monuments",Nilkantha region,To prioritize,Master inventory researched,
412,Bagmati Province,Dhading,Salyantar plateau,Viewpoints and hill stations,Tripurasundari area,To prioritize,Master inventory researched,
413,Bagmati Province,Dhading,Jharlang and Darkha villages,Community tourism and notable villages,Ruby Valley approaches,To prioritize,Master inventory researched,
414,Bagmati Province,Nuwakot,Nuwakot Durbar complex,"Museums, palaces, forts, and monuments",Bidur Municipality,To prioritize,Master inventory researched,
415,Bagmati Province,Nuwakot,Saat Tale Durbar,"Museums, palaces, forts, and monuments",Nuwakot heritage area,To prioritize,Master inventory researched,
416,Bagmati Province,Nuwakot,"Bhairabi Temple, Nuwakot",Religious sites and temples,Nuwakot heritage area,To prioritize,Master inventory researched,
417,Bagmati Province,Nuwakot,Devighat,Religious sites and temples,Trishuli-Tadi confluence,To prioritize,Master inventory researched,
418,Bagmati Province,Nuwakot,Dupcheshwar Mahadev Temple,Religious sites and temples,Dupcheshwar Rural Municipality,To prioritize,Master inventory researched,
419,Bagmati Province,Nuwakot,Kakani,Viewpoints and hill stations,Kakani Rural Municipality,To prioritize,Master inventory researched,
420,Bagmati Province,Nuwakot,Suryachaur,Viewpoints and hill stations,Shivapuri area,To prioritize,Master inventory researched,
421,Bagmati Province,Nuwakot,Langtang National Park sector,"National parks, conservation areas, and wildlife sites",Eastern/northern Nuwakot,To prioritize,Master inventory researched,Cross-district park.
422,Bagmati Province,Nuwakot,Trishuli River rafting corridor,Rivers and waterfalls,Across district,To prioritize,Master inventory researched,
423,Bagmati Province,Nuwakot,Tadi River valley,Rivers and waterfalls,Central Nuwakot,To prioritize,Master inventory researched,
424,Bagmati Province,Nuwakot,Kispang and Ghale village landscapes,Community tourism and notable villages,Kispang Rural Municipality,To prioritize,Master inventory researched,
425,Bagmati Province,Kathmandu,Kathmandu Durbar Square,Historical and cultural places,Kathmandu Metropolitan City,To prioritize,Master inventory researched,
426,Bagmati Province,Kathmandu,Kirtipur heritage town,Historical and cultural places,Kirtipur Municipality,To prioritize,Master inventory researched,
427,Bagmati Province,Kathmandu,Swayambhunath,Religious sites and temples,Kathmandu Metropolitan City,To prioritize,Master inventory researched,
428,Bagmati Province,Kathmandu,Boudhanath Stupa,Religious sites and temples,Kathmandu Metropolitan City,To prioritize,Master inventory researched,
429,Bagmati Province,Kathmandu,Pashupatinath Temple,Religious sites and temples,Kathmandu Metropolitan City,To prioritize,Master inventory researched,
430,Bagmati Province,Kathmandu,Budhanilkantha Temple,Religious sites and temples,Budhanilkantha Municipality,To prioritize,Master inventory researched,
431,Bagmati Province,Kathmandu,Kapan Monastery,Religious sites and temples,Budhanilkantha Municipality,To prioritize,Master inventory researched,
432,Bagmati Province,Kathmandu,Pharping heritage and monastery circuit,Religious sites and temples,Dakshinkali Municipality,To prioritize,Master inventory researched,
433,Bagmati Province,Kathmandu,Dakshinkali Temple,Religious sites and temples,Dakshinkali Municipality,To prioritize,Master inventory researched,
434,Bagmati Province,Kathmandu,Chandragiri Hills,Viewpoints and hill stations,Chandragiri Municipality,To prioritize,Master inventory researched,
435,Bagmati Province,Kathmandu,Indra Daha and Dahachok,Viewpoints and hill stations,Chandragiri Municipality,To prioritize,Master inventory researched,
436,Bagmati Province,Kathmandu,Shivapuri-Nagarjun National Park,"National parks, conservation areas, and wildlife sites",Northern and western Kathmandu Valley,To prioritize,Master inventory researched,
437,Bagmati Province,Kathmandu,Nagarjun-Jamacho hike,Trekking areas and mountain destinations,Nagarjun forest,To prioritize,Master inventory researched,
438,Bagmati Province,Kathmandu,Sundarijal,Rivers and waterfalls,Gokarneshwar Municipality,To prioritize,Master inventory researched,
439,Bagmati Province,Kathmandu,Bagdwar,Rivers and waterfalls,Shivapuri ridge,To prioritize,Master inventory researched,Source area of the Bagmati River.
440,Bagmati Province,Kathmandu,Taudaha Lake,Lakes and wetlands,Kirtipur/Dakshinkali corridor,To prioritize,Master inventory researched,
441,Bagmati Province,Kathmandu,Gokarna forest and temple area,Natural attractions,Gokarneshwar Municipality,To prioritize,Master inventory researched,
442,Bagmati Province,Kathmandu,Narayanhiti Palace Museum,"Museums, palaces, forts, and monuments",Kathmandu,To prioritize,Master inventory researched,
443,Bagmati Province,Kathmandu,National Museum of Nepal,"Museums, palaces, forts, and monuments","Chhauni, Kathmandu",To prioritize,Master inventory researched,
444,Bagmati Province,Bhaktapur,Bhaktapur Durbar Square,Historical and cultural places,Bhaktapur Municipality,To prioritize,Master inventory researched,
445,Bagmati Province,Bhaktapur,Dattatreya Square,Historical and cultural places,Bhaktapur Municipality,To prioritize,Master inventory researched,
446,Bagmati Province,Bhaktapur,Thimi heritage town,Historical and cultural places,Madhyapur Thimi Municipality,To prioritize,Master inventory researched,
447,Bagmati Province,Bhaktapur,Bode and Nil Barahi cultural area,Historical and cultural places,Madhyapur Thimi,To prioritize,Master inventory researched,
448,Bagmati Province,Bhaktapur,Nyatapola Temple,Religious sites and temples,Taumadhi Square,To prioritize,Master inventory researched,
449,Bagmati Province,Bhaktapur,Changu Narayan Temple,Religious sites and temples,Changunarayan Municipality,To prioritize,Master inventory researched,
450,Bagmati Province,Bhaktapur,Kailashnath Mahadev Statue,Religious sites and temples,"Sanga, Suryabinayak Municipality",To prioritize,Master inventory researched,
451,Bagmati Province,Bhaktapur,Suryabinayak Temple,Religious sites and temples,Suryabinayak Municipality,To prioritize,Master inventory researched,
452,Bagmati Province,Bhaktapur,Siddha Pokhari,Lakes and wetlands,Bhaktapur Municipality,To prioritize,Master inventory researched,
453,Bagmati Province,Bhaktapur,Nagarkot,Viewpoints and hill stations,Changunarayan Municipality,To prioritize,Master inventory researched,Cross-district ridge with Kavrepalanchok.
454,Bagmati Province,Bhaktapur,Pilot Baba Ashram viewpoint,Viewpoints and hill stations,Suryabinayak area,To prioritize,Master inventory researched,
455,Bagmati Province,Lalitpur,Patan Durbar Square,Historical and cultural places,Lalitpur Metropolitan City,To prioritize,Master inventory researched,
456,Bagmati Province,Lalitpur,Patan Museum,"Museums, palaces, forts, and monuments",Patan Durbar Square,To prioritize,Master inventory researched,
457,Bagmati Province,Lalitpur,Hiranya Varna Mahavihar,Religious sites and temples,Patan,To prioritize,Master inventory researched,
458,Bagmati Province,Lalitpur,Mahaboudha Temple,Religious sites and temples,Patan,To prioritize,Master inventory researched,
459,Bagmati Province,Lalitpur,Kumbeshwar Temple,Religious sites and temples,Patan,To prioritize,Master inventory researched,
460,Bagmati Province,Lalitpur,Bajrabarahi Temple and forest,Religious sites and temples,Godawari Municipality,To prioritize,Master inventory researched,
461,Bagmati Province,Lalitpur,Tika Bhairab and Lele valley,Religious sites and temples,Godawari Municipality,To prioritize,Master inventory researched,
462,Bagmati Province,Lalitpur,Karya Binayak Temple,Religious sites and temples,Bungamati area,To prioritize,Master inventory researched,
463,Bagmati Province,Lalitpur,Bungamati heritage village,Community tourism and notable villages,Lalitpur Metropolitan City,To prioritize,Master inventory researched,
464,Bagmati Province,Lalitpur,Khokana heritage village,Community tourism and notable villages,Lalitpur Metropolitan City,To prioritize,Master inventory researched,
465,Bagmati Province,Lalitpur,Godavari Botanical Garden,Natural attractions,Godawari Municipality,To prioritize,Master inventory researched,
466,Bagmati Province,Lalitpur,Phulchowki hill,Viewpoints and hill stations,Godawari Municipality,To prioritize,Master inventory researched,
467,Bagmati Province,Lalitpur,Lakuri Bhanjyang,Viewpoints and hill stations,Mahalaxmi Municipality,To prioritize,Master inventory researched,
468,Bagmati Province,Lalitpur,Nag Daha,Lakes and wetlands,"Dhapakhel, Lalitpur",To prioritize,Master inventory researched,
469,Bagmati Province,Kavrepalanchok,Namo Buddha,Religious sites and temples,Namobuddha Municipality,To prioritize,Master inventory researched,
470,Bagmati Province,Kavrepalanchok,Indreshwar Mahadev Temple,Religious sites and temples,Panauti,To prioritize,Master inventory researched,
471,Bagmati Province,Kavrepalanchok,Palanchok Bhagwati Temple,Religious sites and temples,Panchkhal area,To prioritize,Master inventory researched,
472,Bagmati Province,Kavrepalanchok,Panauti heritage town,Historical and cultural places,Panauti Municipality,To prioritize,Master inventory researched,
473,Bagmati Province,Kavrepalanchok,Banepa old town and Chandeshwari Temple,Historical and cultural places,Banepa Municipality,To prioritize,Master inventory researched,
474,Bagmati Province,Kavrepalanchok,Dhulikhel viewpoints,Viewpoints and hill stations,Dhulikhel Municipality,To prioritize,Master inventory researched,
475,Bagmati Province,Kavrepalanchok,Nagarkot eastern ridge,Viewpoints and hill stations,Banepa/Mandan Deupur side,To prioritize,Master inventory researched,Cross-district ridge with Bhaktapur.
476,Bagmati Province,Kavrepalanchok,Bethanchok Narayanthan,Viewpoints and hill stations,Bethanchok Rural Municipality,To prioritize,Master inventory researched,
477,Bagmati Province,Kavrepalanchok,Balthali village,Community tourism and notable villages,Panauti Municipality,To prioritize,Master inventory researched,
478,Bagmati Province,Kavrepalanchok,Namo Buddha-Dhulikhel-Panauti hiking circuit,Trekking areas and mountain destinations,Central Kavre,To prioritize,Master inventory researched,
479,Bagmati Province,Kavrepalanchok,Tindhare Waterfall,Rivers and waterfalls,Roshib area,To prioritize,Master inventory researched,
480,Bagmati Province,Kavrepalanchok,Kushadevi and Roshi valley,Natural attractions,Panauti-Roshi region,To prioritize,Master inventory researched,
481,Bagmati Province,Sindhuli,Sindhuligadhi Fort,"Museums, palaces, forts, and monuments",Kamalamai Municipality,To prioritize,Master inventory researched,
482,Bagmati Province,Sindhuli,Hariharpurgadhi,"Museums, palaces, forts, and monuments",Hariharpurgadhi Rural Municipality,To prioritize,Master inventory researched,
483,Bagmati Province,Sindhuli,Sindhuligadhi viewpoint,Viewpoints and hill stations,Kamalamai Municipality,To prioritize,Master inventory researched,
484,Bagmati Province,Sindhuli,Phikkal hill viewpoints,Viewpoints and hill stations,Phikkal Rural Municipality,To prioritize,Master inventory researched,
485,Bagmati Province,Sindhuli,Kusheshwar Dumja,Religious sites and temples,Sunkoshi Rural Municipality,To prioritize,Master inventory researched,
486,Bagmati Province,Sindhuli,Kamala River valley,Rivers and waterfalls,Eastern Sindhuli,To prioritize,Master inventory researched,
487,Bagmati Province,Sindhuli,Sunkoshi rafting corridor,Rivers and waterfalls,Northern boundary,To prioritize,Master inventory researched,
488,Bagmati Province,Sindhuli,Marin valley,Natural attractions,Marin Rural Municipality,To prioritize,Master inventory researched,
489,Bagmati Province,Sindhuli,Junaar orchards and village routes,Community tourism and notable villages,Sindhuli highlands,To prioritize,Master inventory researched,
490,Bagmati Province,Ramechhap,Sailung,Viewpoints and hill stations,Doramba Sailung Rural Municipality,To prioritize,Master inventory researched,Cross-district ridge with Dolakha.
491,Bagmati Province,Ramechhap,Sunapati hill,Viewpoints and hill stations,Sunapati Rural Municipality,To prioritize,Master inventory researched,
492,Bagmati Province,Ramechhap,Khadadevi Temple,Religious sites and temples,Khadadevi Rural Municipality,To prioritize,Master inventory researched,
493,Bagmati Province,Ramechhap,Doramba memorial and cultural village,Historical and cultural places,Doramba Sailung,To prioritize,Master inventory researched,
494,Bagmati Province,Ramechhap,Manthali-Tamakoshi river landscape,Rivers and waterfalls,Manthali Municipality,To prioritize,Master inventory researched,
495,Bagmati Province,Ramechhap,Likhu River valley,Rivers and waterfalls,Eastern Ramechhap,To prioritize,Master inventory researched,
496,Bagmati Province,Ramechhap,Jatapokhari and Panchpokhari trekking area,Lakes and wetlands,Umakunda Rural Municipality,To prioritize,Master inventory researched,Remote alpine lake system; local route verification needed.
497,Bagmati Province,Ramechhap,Numbur Cheese Circuit,Trekking areas and mountain destinations,Umakunda/Gumdel region,To prioritize,Master inventory researched,
498,Bagmati Province,Ramechhap,Bamti Bhandar and Gumdel villages,Community tourism and notable villages,Northern Ramechhap,To prioritize,Master inventory researched,
499,Bagmati Province,Ramechhap,Khimti valley,Natural attractions,Eastern Ramechhap,To prioritize,Master inventory researched,
500,Bagmati Province,Makwanpur,Daman,Viewpoints and hill stations,Thaha Municipality,To prioritize,Master inventory researched,
501,Bagmati Province,Makwanpur,Sim Bhanjyang,Viewpoints and hill stations,Thaha Municipality,To prioritize,Master inventory researched,
502,Bagmati Province,Makwanpur,Kanti Rajpath hill viewpoints,Viewpoints and hill stations,Northern Makwanpur,To prioritize,Master inventory researched,
503,Bagmati Province,Makwanpur,Kulekhani Reservoir / Indra Sarovar,Lakes and wetlands,Indrasarowar Rural Municipality,To prioritize,Master inventory researched,
504,Bagmati Province,Makwanpur,Chitlang village,Community tourism and notable villages,Thaha Municipality,To prioritize,Master inventory researched,
505,Bagmati Province,Makwanpur,Markhu,Community tourism and notable villages,Indrasarowar Rural Municipality,To prioritize,Master inventory researched,
506,Bagmati Province,Makwanpur,"Bajrabarahi Temple, Thaha",Religious sites and temples,Thaha Municipality,To prioritize,Master inventory researched,
507,Bagmati Province,Makwanpur,Bhimphedi heritage town,Historical and cultural places,Bhimphedi Rural Municipality,To prioritize,Master inventory researched,
508,Bagmati Province,Makwanpur,Makwanpurgadhi Fort,"Museums, palaces, forts, and monuments",Makwanpurgadhi Rural Municipality,To prioritize,Master inventory researched,
509,Bagmati Province,Makwanpur,Chisapani Gadhi,"Museums, palaces, forts, and monuments",Bhimphedi region,To prioritize,Master inventory researched,
510,Bagmati Province,Makwanpur,Parsa National Park sector,"National parks, conservation areas, and wildlife sites",Southern Makwanpur,To prioritize,Master inventory researched,Cross-district park.
511,Bagmati Province,Chitwan,Chitwan National Park,"National parks, conservation areas, and wildlife sites",Southern Chitwan,To prioritize,Master inventory researched,UNESCO World Heritage national park.
512,Bagmati Province,Chitwan,Bish Hajari birdwatching forests,"National parks, conservation areas, and wildlife sites",Buffer-zone landscape,To prioritize,Master inventory researched,
513,Bagmati Province,Chitwan,Sauraha,Major tourist attractions,Ratnanagar Municipality,To prioritize,Master inventory researched,
514,Bagmati Province,Chitwan,Beeshazar and Associated Lakes,Lakes and wetlands,Bharatpur Metropolitan City,To prioritize,Master inventory researched,Ramsar wetland complex.
515,Bagmati Province,Chitwan,Narayani River waterfront,Rivers and waterfalls,Bharatpur and western Chitwan,To prioritize,Master inventory researched,
516,Bagmati Province,Chitwan,Rapti River wildlife corridor,Rivers and waterfalls,Sauraha and park boundary,To prioritize,Master inventory researched,
517,Bagmati Province,Chitwan,Jalbire Waterfall,Rivers and waterfalls,Ichchhakamana Rural Municipality,To prioritize,Master inventory researched,
518,Bagmati Province,Chitwan,Devghat,Religious sites and temples,Bharatpur/Devghat confluence area,To prioritize,Master inventory researched,Cross-district pilgrimage site with Tanahun.
519,Bagmati Province,Chitwan,Balmiki Ashram approach,Religious sites and temples,Madi/park southern sector,To prioritize,Master inventory researched,Access and district attribution should be checked for publishing.
520,Bagmati Province,Chitwan,Chepang Hill Trail,Trekking areas and mountain destinations,Northern Chitwan,To prioritize,Master inventory researched,
521,Bagmati Province,Chitwan,Siraichuli viewpoint,Viewpoints and hill stations,Ichchhakamana Rural Municipality,To prioritize,Master inventory researched,
522,Bagmati Province,Chitwan,Upper Dang Gadhi,"Museums, palaces, forts, and monuments",Northern Chitwan,To prioritize,Master inventory researched,
523,Bagmati Province,Chitwan,Meghauli wildlife tourism area,Community tourism and notable villages,Bharatpur western sector,To prioritize,Master inventory researched,
524,Bagmati Province,Chitwan,Madi valley and Someshwar hills,Natural attractions,Madi Municipality,To prioritize,Master inventory researched,
